county_parish,notice_date,processed_date,effective_date,company,layoff_closure,no_of_employees,address,related_industry,state,download_date,latitude,longitude
Alameda County,2025-07-01,2025-07-01,2025-09-02,Republic National Distributing Company,Closure Permanent,104,30825 Wiegman Road  Hayward CA 94544,42 Wholesale Trade,california,2025-09-18T00:56:57.997578,37.6149432,-122.061392
Los Angeles County,2025-07-01,2025-07-01,2025-07-01,Santa Fe Springs Swap Meet,Layoff Not known at this time,109,13963 Alondra Blvd.  Santa Fe Springs CA 90670,42 Wholesale Trade,california,2025-09-18T00:56:57.997578,33.887834,-118.0333829
Los Angeles County,2025-06-27,2025-07-01,2025-08-26,Pocino Foods Company,Closure Permanent,124,14250 Lomitas Avenue  City of Industry CA 91746,44-45 Retail Trade,california,2025-09-18T00:56:57.997578,34.0286113,-117.9869869
Los Angeles County,2025-07-01,2025-07-01,2025-09-02,"Young's Market Company, LLC dba Republic National Distributing Company",Closure Permanent,176,2425 Saybrook Avenue  Los Angeles CA 90040,31-33 Manufacturing,california,2025-09-18T00:56:57.997578,33.999236,-118.1401011
Orange County,2025-06-30,2025-07-01,2025-08-31,Ford Design Studio,Closure Permanent,263,3 Glen Bell Way  Irvine CA 92618,42 Wholesale Trade,california,2025-09-18T00:56:57.997578,33.6581949,-117.7471251
Orange County,2025-07-01,2025-07-01,2025-09-02,Republic National Distributing Company (14352),Closure Permanent,79,14352 Franklin Ave  Tustin CA 92780,54 Professional Scientific and Technical Services,california,2025-09-18T00:56:57.997578,33.7182854,-117.8044843
Orange County,2025-07-01,2025-07-01,2025-09-02,Republic National Distributing Company (14402),Closure Permanent,561,14402 Franklin Ave  Tustin CA 92780,42 Wholesale Trade,california,2025-09-18T00:56:57.997578,33.7176925,-117.80542034999999
San Bernardino County,2025-07-01,2025-07-01,2025-09-02,"Republic National Distributing Company, LLC",Closure Permanent,238,6711 Bickmore Ave  Chino CA 91710,42 Wholesale Trade,california,2025-09-18T00:56:57.997578,33.9611612,-117.6577403
San Diego County,2025-06-30,2025-07-01,2025-09-02,Sharp HealthCare - 8695,Layoff Permanent,244,8695 Spectrum Center Blvd.  San Diego CA 92123,62 Healthcare and Social Assistance,california,2025-09-18T00:56:57.997578,32.82531,-117.1405054
San Diego County,2025-06-30,2025-07-01,2025-09-02,Sharp HealthCare - 751,Layoff Permanent,34,751 Medical Center Court  Chula Vista CA 91911,62 Healthcare and Social Assistance,california,2025-09-18T00:56:57.997578,32.6188528,-117.0230189
San Diego County,2025-06-30,2025-07-01,2025-09-02,Sharp HealthCare - 250,Layoff Permanent,1,250 Prospect Place  Coronado CA 92118,62 Healthcare and Social Assistance,california,2025-09-18T00:56:57.997578,32.6942731,-117.1680712
San Diego County,2025-06-30,2025-07-01,2025-09-02,Sharp HealthCare - 5555,Layoff Permanent,40,5555 Grossmont Center Dr.  La Mesa CA 91942,62 Healthcare and Social Assistance,california,2025-09-18T00:56:57.997578,32.7809381,-117.0066625
San Diego County,2025-06-30,2025-07-01,2025-09-02,Sharp HealthCare - 7901,Layoff Permanent,62,7901 Frost Street  San Diego CA 92123,62 Healthcare and Social Assistance,california,2025-09-18T00:56:57.997578,32.7996981,-117.1543535
San Diego County,2025-06-30,2025-07-01,2025-09-02,Sharp HealthCare - 5651,Layoff Permanent,13,"5651 Copley Dr., Suite A  San Diego CA 92111",62 Healthcare and Social Assistance,california,2025-09-18T00:56:57.997578,32.842235,-117.166809
Alameda County,2025-07-01,2025-07-02,2025-09-02,Republic National Distributing Company,Closure Permanent,226,5100 Franklin Drive  Pleasanton CA 94588,42 Wholesale Trade,california,2025-09-18T00:56:57.997578,37.69587785,-121.91005755460614
San Diego County,2025-07-01,2025-07-02,2025-09-02,"Young's Market Company, LLC dba Republic National Distributing Company",Closure Permanent,80,3602 Kurtz Street  San Diego CA 92110,42 Wholesale Trade,california,2025-09-18T00:56:57.997578,32.7573054,-117.2108831
San Diego County,2025-07-02,2025-07-02,2025-09-07,Coastal Trading Ventures,Layoff Permanent,74,10605 Jamacha Blvd  Spring Valley CA 91978,54 Professional Scientific and Technical Services,california,2025-09-18T00:56:57.997578,32.7249589,-116.9645254
Santa Clara County,2025-07-01,2025-07-02,2025-09-02,Republic National Distributing Company,Closure Permanent,156,850 Jarvis Dr  Morgan Hill CA 95037,42 Wholesale Trade,california,2025-09-18T00:56:57.997578,37.1423855,-121.6533965
Yolo County,2025-07-01,2025-07-02,2025-09-02,"Young's Market Company, LLC dba Republic National Distributing Company",Closure Permanent,136,3620 Industrial Blvd.  West Sacramento CA 95691,42 Wholesale Trade,california,2025-09-18T00:56:57.997578,38.5741347,-121.565539
San Francisco County,2025-07-03,2025-07-03,2025-07-03,"Cruise, LLC - 640 Cesar Chavez",Layoff Permanent,2,640 Cesar Chavez Street  \San Francisco CA 94124,48-49 Transportation and Warehousing,california,2025-09-18T00:56:57.997578,37.75055637349397,-122.38411579518072
San Mateo County,2025-07-03,2025-07-03,2025-07-03,"Cruise, LLC - 1201 Bryant",Layoff Permanent,85,1201 Bryant Street  San Francisco CA 94013,48-49 Transportation and Warehousing,california,2025-09-18T00:56:57.997578,37.7700193,-122.4097576
Santa Clara County,2025-07-03,2025-07-03,2025-07-03,"Cruise, LLC - 840 W",Layoff Permanent,14,840 W California Avenue  Sunnyvale CA 94086,48-49 Transportation and Warehousing,california,2025-09-18T00:56:57.997578,37.3815641,-122.03783531132837
Los Angeles County,2025-07-03,2025-07-07,2025-08-09,Paramount Global (1575),Layoff Permanent,48,1575 N. Gower Street  Los Angeles CA 90038,71 Arts Entertainment and Recreation,california,2025-09-18T00:56:57.997578,34.0993619,-118.3224015
Los Angeles County,2025-07-03,2025-07-07,2025-08-09,Paramount Global (5555),Layoff Permanent,61,5555 Melrose Avenue  Los Angeles CA 90038,71 Arts Entertainment and Recreation,california,2025-09-18T00:56:57.997578,34.083419,-118.32127711764706
Los Angeles County,2025-07-08,2025-07-08,2025-09-08,"McDonald&rsquo;s Restaurants of California, Inc.",Closure Temporary,87,341 S. Vermont Ave  Los Angeles CA 90029,72 Accommodation and Food Services,california,2025-09-18T00:56:57.997578,34.0680745,-118.2920691
Santa Clara County,2025-07-07,2025-07-08,2025-07-15,Intel Corporation (Robert Noyce Building),Layoff Permanent,184,2200 Mission College Boulevard  Santa Clara CA 95054,54 Professional Scientific and Technical Services,california,2025-09-18T00:56:57.997578,37.387829,-121.9633667
Santa Clara County,2025-07-07,2025-07-08,2025-07-15,Intel Corporation (SC-1),Layoff Permanent,1,3065 Bowers Avenue  Santa Clara CA 95054,54 Professional Scientific and Technical Services,california,2025-09-18T00:56:57.997578,37.376792,-121.9761275
Santa Clara County,2025-07-07,2025-07-08,2025-07-15,Intel Corporation (SC-2),Layoff Permanent,1,3065 Bowers Avenue  Santa Clara CA 95054,54 Professional Scientific and Technical Services,california,2025-09-18T00:56:57.997578,37.376792,-121.9761275
Santa Clara County,2025-07-07,2025-07-08,2025-07-15,Intel Corporation (SC-9),Layoff Permanent,37,3601 Juliette Lane  Santa Clara CA 95054,54 Professional Scientific and Technical Services,california,2025-09-18T00:56:57.997578,37.38760194945907,-121.9667203727079
Santa Clara County,2025-07-07,2025-07-08,2025-07-15,Intel Corporation (SC-11),Layoff Permanent,8,2191 Laurelwood Rd  Santa Clara CA 95054,54 Professional Scientific and Technical Services,california,2025-09-18T00:56:57.997578,37.3848059,-121.9638417
Santa Clara County,2025-07-07,2025-07-08,2025-07-15,Intel Corporation (SC-12),Layoff Permanent,179,3600 Juliette Lane  Santa Clara CA 95054,54 Professional Scientific and Technical Services,california,2025-09-18T00:56:57.997578,37.3864262,-121.965763
Santa Clara County,2025-07-08,2025-07-08,2025-06-30,T. Marzetti,Closure Permanent,77,876 Yosemite Drive  Milpitas CA 95035,31-33 Manufacturing,california,2025-09-18T00:56:57.997578,37.4242594,-121.8877072
Orange County,2025-07-02,2025-07-08,2025-08-31,Activision Blizzard,Layoff Permanent,73,16215 Alton Pkwy  Irvine CA 92618,56 Administrative and Support and Waste Management and Remediation,california,2025-09-18T00:56:57.997578,33.65787337279237,-117.76258943493991
Sacramento County,2025-07-07,2025-07-08,2025-07-11,Intel Corporation,Layoff Permanent,174,1900 Prairie City Rd  Folsom CA 95630,54 Professional Scientific and Technical Services,california,2025-09-18T00:56:57.997578,38.649361,-121.162846
San Diego County,2025-07-08,2025-07-08,2025-09-12,Best Buy Health,Closure Permanent,161,"2200 Faraday Ave, Ste. 100  Carlsbad CA 92008",44-45 Retail Trade,california,2025-09-18T00:56:57.997578,33.1352474,-117.2810577
Alameda County,2025-07-07,2025-07-09,2025-07-07,Kaiser Foundation Hospitals,Layoff Permanent,2,5820 Owens Dr.  Pleasanton CA 94588,62 Healthcare and Social Assistance,california,2025-09-18T00:56:57.997578,37.6979216,-121.8911466
Los Angeles County,2025-07-07,2025-07-09,2025-07-07,Kaiser Foundation Hospitals,Layoff Permanent,1,74 N. Pasadena Ave.  Pasadena CA 91103,62 Healthcare and Social Assistance,california,2025-09-18T00:56:57.997578,34.14703494736842,-118.15405047368421
Solano County,2025-07-07,2025-07-09,2025-07-07,Kaiser Foundation Hospitals,Layoff Permanent,1,1617 Broadway St.  Vallejo CA 94590,62 Healthcare and Social Assistance,california,2025-09-18T00:56:57.997578,38.1233841,-122.2494087
Los Angeles County,2025-07-08,2025-07-09,2025-09-10,University of Southern California,Layoff Permanent,55,3551 Trousdale Pkwy  Los Angeles CA 90089,61 Educational Services,california,2025-09-18T00:56:57.997578,34.0208709,-118.2855497
Los Angeles County,2025-07-09,2025-07-09,2025-09-10,Levy,Closure Permanent,276,135 N Grand Ave.  Los Angeles CA 90012,72 Accommodation and Food Services,california,2025-09-18T00:56:57.997578,34.0566135,-118.248922
San Diego County,2025-07-09,2025-07-09,2025-09-07,"Pacira BioSciences, Inc.",Layoff Permanent,71,10450 Science Center Dr  San Diego CA 92121,31-33 Manufacturing,california,2025-09-18T00:56:57.997578,32.8930181,-117.2308039
Alameda County,2025-07-10,2025-07-10,2025-07-10,"GSC Logistics, Inc.",Layoff Permanent,25,"555 Maritime Street, Building 512  Oakland CA 94607",48-49 Transportation and Warehousing,california,2025-09-18T00:56:57.997578,37.8102407,-122.3126595
Alameda County,2025-07-10,2025-07-10,2025-07-10,"GSC National Transportation, Inc",Layoff Permanent,38,"530 Water Street, 5th Floor  Oakland CA 94607",48-49 Transportation and Warehousing,california,2025-09-18T00:56:57.997578,37.7957586,-122.2788208
Orange County,2025-05-29,2025-07-10,2025-07-29,"All-Rite Leasing, Inc.",Closure Permanent,132,"950 South Coast Drive, Suite 110  Costa Mesa CA 92626",56 Administrative and Support and Waste Management and Remediation,california,2025-09-18T00:56:57.997578,33.690141,-117.8970777
San Diego County,2025-07-03,2025-07-10,2025-09-06,(3909) San Diego LGBT Community Center,Layoff Permanent,60,3909 Center St  San Diego CA 92103,62 Healthcare and Social Assistance,california,2025-09-18T00:56:57.997578,32.7357209,-117.1517299
San Diego County,2025-07-03,2025-07-10,2025-09-06,(1640) San Diego LGBT Community Center,Layoff Permanent,7,1640 Broadway  San Diego CA 92101,62 Healthcare and Social Assistance,california,2025-09-18T00:56:57.997578,32.715943,-117.148869
San Diego County,2025-07-03,2025-07-10,2025-09-06,(1045) San Diego LGBT Community Center,Layoff Permanent,6,1045 11th Ave.  San Diego CA 92101,62 Healthcare and Social Assistance,california,2025-09-18T00:56:57.997578,32.7161956,-117.1546037
San Diego County,2025-07-03,2025-07-10,2025-09-06,(3636) San Diego LGBT Community Center,Layoff Permanent,20,"3636 5th Ave., Suite 300  San Diego CA 92103",62 Healthcare and Social Assistance,california,2025-09-18T00:56:57.997578,32.744022,-117.160741
San Diego County,2025-07-03,2025-07-10,2025-09-06,(3878) San Diego LGBT Community Center,Layoff Permanent,3,3878 Old Town Ave.  San Diego CA 92110,62 Healthcare and Social Assistance,california,2025-09-18T00:56:57.997578,32.748897,-117.193106
San Diego County,2025-07-03,2025-07-10,2025-07-07,(514) San Diego LGBT Community Center,Layoff Permanent,2,514 Pennsylvania Ave.  San Diego CA 92103,62 Healthcare and Social Assistance,california,2025-09-18T00:56:57.997578,32.745338,-117.160018
San Diego County,2025-07-03,2025-07-10,2025-09-06,(1807) San Diego LGBT Community Center,Layoff Permanent,5,"1807 Robinson Ave., Suite 106  San Diego CA 92103",62 Healthcare and Social Assistance,california,2025-09-18T00:56:57.997578,32.74635,-117.145722
San Diego County,2025-07-03,2025-07-10,2025-09-06,(3851) San Diego LGBT Community Center,Layoff Permanent,1,3851 Rosecrans St.  San Diego CA 92110,62 Healthcare and Social Assistance,california,2025-09-18T00:56:57.997578,32.7540849,-117.2024362
San Diego County,2025-07-03,2025-07-10,2025-09-06,(1180) San Diego LGBT Community Center,Layoff Permanent,3,"1180 3rd Ave., Suite C1  Chula Vista CA 91911",62 Healthcare and Social Assistance,california,2025-09-18T00:56:57.997578,32.6109215,-117.0681225
San Diego County,2025-07-03,2025-07-10,2025-09-06,(3045) San Diego LGBT Community Center,Layoff Permanent,1,"3045 Beyer Blvd., Suite D-101  San Diego CA 92104",62 Healthcare and Social Assistance,california,2025-09-18T00:56:57.997578,32.5729981,-117.0658882
San Diego County,2025-07-03,2025-07-10,2025-09-06,(134) San Diego LGBT Community Center,Layoff Permanent,1,134 Grapevine Rd.  Vista CA 92083,62 Healthcare and Social Assistance,california,2025-09-18T00:56:57.997578,33.1914378,-117.2754672
San Diego County,2025-07-03,2025-07-10,2025-09-06,(520) San Diego LGBT Community Center,Layoff Permanent,1,"520 N. Coast Hwy., Suite 102  Oceanside CA 92054",62 Healthcare and Social Assistance,california,2025-09-18T00:56:57.997578,33.1995838,-117.3823693
San Diego County,2025-07-03,2025-07-10,2025-09-06,(460) San Diego LGBT Community Center,Layoff Permanent,1,"460 Magnolia Ave., Suite 100,  El Cajon CA 92020",62 Healthcare and Social Assistance,california,2025-09-18T00:56:57.997578,32.800221,-116.962896
San Diego County,2025-07-03,2025-07-10,2025-09-06,(131) San Diego LGBT Community Center,Layoff Permanent,1,131 Avocado Ave.  El Cajon CA 92020,62 Healthcare and Social Assistance,california,2025-09-18T00:56:57.997578,32.794286,-116.957242
Santa Clara County,2025-07-09,2025-07-10,2025-07-09,"Planned Parenthood Mar Monte, Inc.",Layoff Permanent,17,1691 The Alameda  San Jose CA 95126,62 Healthcare and Social Assistance,california,2025-09-18T00:56:57.997578,37.3371286,-121.919528
Los Angeles County,2025-07-10,2025-07-11,2025-07-10,Quixote Studio Services (1011),Layoff Permanent,8,1011 N Fuller Ave  West Hollywood CA 90046,53 Real Estate and Rental Leasing,california,2025-09-18T00:56:57.997578,34.0892217,-118.3499073
Los Angeles County,2025-07-10,2025-07-11,2025-07-10,Quixote Studio Services (10252),Layoff Permanent,11,10252 Norris Avenue  Pacoima CA 91331,53 Real Estate and Rental Leasing,california,2025-09-18T00:56:57.997578,34.2561744,-118.4017546
Los Angeles County,2025-07-10,2025-07-11,2025-07-10,Quixote Studio Services (12137),Layoff Permanent,1,12137 Montague Street  Pacoima CA 91331,53 Real Estate and Rental Leasing,california,2025-09-18T00:56:57.997578,34.2581017,-118.3970195
Los Angeles County,2025-07-10,2025-07-11,2025-07-10,Quixote Studio Services (10262),Layoff Permanent,2,10262 Norris Ave  Pacoima CA 91331,53 Real Estate and Rental Leasing,california,2025-09-18T00:56:57.997578,34.2564793,-118.4020788
Los Angeles County,2025-07-10,2025-07-11,2025-07-10,Quixote Studio Services (11473),Layoff Permanent,37,11473 Penrose St  Sun Valley CA 91352,53 Real Estate and Rental Leasing,california,2025-09-18T00:56:57.997578,34.2223698,-118.3809059
Los Angeles County,2025-07-10,2025-07-11,2025-07-10,Quixote Studio Services (14002),Layoff Permanent,7,14002 Balboa Blvd  Sylmar CA 91342,53 Real Estate and Rental Leasing,california,2025-09-18T00:56:57.997578,34.3206907,-118.4874537
Los Angeles County,2025-07-10,2025-07-11,2025-07-10,Quixote Studio Services (13334),Layoff Permanent,16,13334 Ralston Ave  Sylmar CA 91342,53 Real Estate and Rental Leasing,california,2025-09-18T00:56:57.997578,34.3136644,-118.4738218
Sacramento County,2025-07-10,2025-07-11,2025-07-11,Intel Corporation,Layoff Permanent,170,1900 Prairie City Rd  Folsom CA 95630,54 Professional Scientific and Technical Services,california,2025-09-18T00:56:57.997578,38.649361,-121.162846
San Bernardino County,2025-07-11,2025-07-11,2025-09-09,Quanex Homeshield LLC,Closure Permanent,15,13611 Santa Ana Avenue  Fontana CA 92337,31-33 Manufacturing,california,2025-09-18T00:56:57.997578,34.0555018,-117.5090181
Los Angeles County,2025-07-11,2025-07-14,2025-09-12,"LMB Mortgage Services, Inc. dba LowerMyBills.com",Layoff Permanent,38,"12181 Bluff Creek Drive, Suite 250  Playa Vista CA 90094",54 Professional Scientific and Technical Services,california,2025-09-18T00:56:57.997578,33.9741798,-118.4169283
Santa Clara County,2025-07-10,2025-07-14,2025-07-15,Intel Corporation (Robert Noyce),Layoff Permanent,203,2200 Mission College Boulevard  Santa Clara CA 95054,54 Professional Scientific and Technical Services,california,2025-09-18T00:56:57.997578,37.387829,-121.9633667
Santa Clara County,2025-07-10,2025-07-14,2025-07-15,Intel Corporation (SC-1),Layoff Permanent,4,3065 Bowers Avenue  Santa Clara CA 95054,54 Professional Scientific and Technical Services,california,2025-09-18T00:56:57.997578,37.376792,-121.9761275
Santa Clara County,2025-07-10,2025-07-14,2025-07-15,Intel Corporation (SC-2),Layoff Permanent,43,3065 Bowers Avenue  Santa Clara CA 95054,54 Professional Scientific and Technical Services,california,2025-09-18T00:56:57.997578,37.376792,-121.9761275
Santa Clara County,2025-07-10,2025-07-14,2025-07-15,Intel Corporation (SC-9),Layoff Permanent,16,3601 Juliette Lane  Santa Clara CA 95054-1513,54 Professional Scientific and Technical Services,california,2025-09-18T00:56:57.997578,37.3876019,-121.9667204
Santa Clara County,2025-07-10,2025-07-14,2025-07-15,Intel Corporation (SC-11),Layoff Permanent,5,2191 Laurelwood Rd  Santa Clara CA 95054,54 Professional Scientific and Technical Services,california,2025-09-18T00:56:57.997578,37.3848059,-121.9638417
Santa Clara County,2025-07-10,2025-07-14,2025-07-15,Intel Corporation (SC-12),Layoff Permanent,55,3600 Juliette Lane  Santa Clara CA 95054,54 Professional Scientific and Technical Services,california,2025-09-18T00:56:57.997578,37.3864262,-121.965763
Alameda County,2025-07-15,2025-07-15,2025-09-15,"Gatan, Inc.",Closure Temporary,96,5794 W. Las Positas Blvd.  Pleasanton CA 94588,31-33 Manufacturing,california,2025-09-18T00:56:57.997578,37.6845616,-121.8932947
Contra Costa County,2025-07-15,2025-07-15,2025-09-26,Corteva Agriscience,Layoff Permanent,4,901 Loveridge Road  Pittsburg CA 94565,11 Agriculture Forestry Fishing Hunting,california,2025-09-18T00:56:57.997578,38.01788548418139,-121.85778561054944
Alameda County,2025-07-14,2025-07-15,2025-09-23,Blue Shield of California - Oakland,Layoff Permanent,70,601 12th Street  Oakland CA 94607,52 Finance and Insurance,california,2025-09-18T00:56:57.997578,37.8042716,-122.27636317995056
El Dorado County,2025-07-14,2025-07-15,2025-09-23,"Blue Shield of California - Town Center, Building C",Layoff Permanent,6,"4203 Town Center Blvd, Building C  El Dorado CA 95762",52 Finance and Insurance,california,2025-09-18T00:56:57.997578,,
El Dorado County,2025-07-14,2025-07-15,2025-09-23,"Blue shield of California - Town Center, Building B",Layoff Permanent,32,4205 Town Center Blvd. Building B  El Dorado CA 95762,52 Finance and Insurance,california,2025-09-18T00:56:57.997578,38.6502571,-121.0716998
Los Angeles County,2025-07-14,2025-07-15,2025-09-23,Blue Shield of California - Long Beach,Layoff Permanent,11,3840 Kilroy Airport Way  Long Beach CA 90806,52 Finance and Insurance,california,2025-09-18T00:56:57.997578,33.80714018197612,-118.14902660538183
Los Angeles County,2025-07-14,2025-07-15,2025-09-23,Blue Shield of California - Woodland Hills,Layoff Permanent,10,6300 Canoga Avenue  Woodland Hills CA 91367,52 Finance and Insurance,california,2025-09-18T00:56:57.997578,34.1851096,-118.5969968
Sacramento County,2025-07-14,2025-07-15,2025-09-23,Blue Shield of California - Rancho Cordova,Layoff Permanent,3,3300 Zinfandel Drive  Rancho Cordova CA 95670,52 Finance and Insurance,california,2025-09-18T00:56:57.997578,38.57816485858586,-121.28047982828282
San Diego County,2025-07-14,2025-07-15,2025-09-23,Blue Shield of California - San Diego,Layoff Permanent,2,"3131 Camino Del Rio, SUite #1300  San Diego CA 92108",52 Finance and Insurance,california,2025-09-18T00:56:57.997578,32.7750358,-117.1267593
San Joaquin County,2025-07-14,2025-07-15,2025-09-23,Blue Shield of California - Lodi,Layoff Permanent,2,3021 Reynolds Ranch Parkway  Lodi CA 95240,52 Finance and Insurance,california,2025-09-18T00:56:57.997578,38.0957798,-121.2607071
Shasta County,2025-07-14,2025-07-15,2025-09-23,Blue Shield of California - Redding,Layoff Permanent,2,4700 Bechelli Lane  Redding CA 96002,52 Finance and Insurance,california,2025-09-18T00:56:57.997578,40.5398575,-122.3566579
Alameda County,2025-07-14,2025-07-16,2025-07-14,Kaiser Foundation Hospitals - Pleasanton,Layoff Permanent,2,5820 Owens Dr.  Pleasanton CA 94588,62 Healthcare and Social Assistance,california,2025-09-18T00:56:57.997578,37.6979216,-121.8911466
Los Angeles County,2025-07-14,2025-07-16,2025-07-14,Kaiser Foundation Hospitals - Pasadena,Layoff Permanent,3,393 E. Walnut St.  Pasadena CA 91188,62 Healthcare and Social Assistance,california,2025-09-18T00:56:57.997578,34.1496114,-118.1418376
Los Angeles County,2025-07-15,2025-07-16,2025-06-25,Paramount Global,Layoff Permanent,1,1575 N. Gower Street  Los Angeles CA 90028,71 Arts Entertainment and Recreation,california,2025-09-18T00:56:57.997578,34.099361875,-118.3224015
Orange County,2025-07-15,2025-07-16,2025-09-13,International Paper Company,Closure Permanent,71,6211 Descanso Ave.  Buena Park CA 90620,31-33 Manufacturing,california,2025-09-18T00:56:57.997578,33.8703951,-118.0253529
San Francisco County,2025-07-16,2025-07-16,2025-09-15,Mental Health Association of San Francisco,Layoff Permanent,200,"870 Market Street, #658  San Francisco CA 94102",81 Other Services Except Public Administration,california,2025-09-18T00:56:57.997578,37.7849332,-122.4073482
San Mateo County,2025-07-16,2025-07-17,2025-09-15,"Genentech, Inc.",Layoff Permanent,87,1 DNA Way  South San Francisco CA 94080,42 Wholesale Trade,california,2025-09-18T00:56:57.997578,37.65190570583943,-122.39018310772735
San Diego County,2025-07-16,2025-07-17,2025-09-30,Leah's Pantry,Layoff Permanent,40,"2204 Garnet Avenue, Suite 304  San Diego CA 92109",62 Healthcare and Social Assistance,california,2025-09-18T00:56:57.997578,32.802557,-117.229659
San Francisco County,2025-07-14,2025-07-17,2025-09-12,Levi Strauss & Co.,Layoff Permanent,44,1155 Battery Street  San Francisco CA 94111,44-45 Retail Trade,california,2025-09-18T00:56:57.997578,37.801869,-122.4018137
San Francisco County,2025-07-16,2025-07-17,2025-09-30,Leah's Pantry,Layoff Permanent,40,3019 Mission St. #3  San Francisco CA 94110,62 Healthcare and Social Assistance,california,2025-09-18T00:56:57.997578,37.7488057,-122.4180081
San Luis Obispo County,2025-07-17,2025-07-17,2025-09-08,E. & J. Gallo Winery,Closure Permanent,47,2425 Mission Street  San Miguel CA 93451,31-33 Manufacturing,california,2025-09-18T00:56:57.997578,35.7637314,-120.6983618
Yolo County,2025-07-17,2025-07-17,2025-10-03,Clark Pacific,Layoff Permanent,65,40600 County Road 18C  Woodland CA 95776,23 Construction,california,2025-09-18T00:56:57.997578,,
Alameda County,2025-07-18,2025-07-18,2025-07-21,Gee Heavy Machinery,Layoff Permanent,7,45051 Industrial Drive  Fremont CA 94538,42 Wholesale Trade,california,2025-09-18T00:56:57.997578,37.4984068,-121.953327
Fresno County,2025-07-18,2025-07-18,2025-09-16,"Primo Brands, Inc.",Layoff Permanent,3,5377 E Home Avenue  Fresno CA 93727,31-33 Manufacturing,california,2025-09-18T00:56:57.997578,36.7631958,-119.7105015
Fresno County,2025-07-18,2025-07-18,2025-07-21,Gee Heavy Machinery,Closure Permanent,9,5461 S. Nikita Ave  Fresno CA 93725,42 Wholesale Trade,california,2025-09-18T00:56:57.997578,,
Kings County,2025-07-15,2025-07-18,2025-08-11,KIRA Government Services,Layoff Permanent,11,Building 359 Reeves Blvd.  Lemoore CA 93245,56 Administrative and Support and Waste Management and Remediation,california,2025-09-18T00:56:57.997578,,
Los Angeles County,2025-07-18,2025-07-18,2025-09-16,"Primo Brands, Inc.",Layoff Permanent,3,4550 York Boulevard Building C  Los Angeles CA 90041,31-33 Manufacturing,california,2025-09-18T00:56:57.997578,34.123252306122446,-118.21659612244898
Los Angeles County,2025-07-18,2025-07-18,2025-09-16,"Primo Brands, Inc.",Layoff Permanent,1,7817 Haskell Avenue  Van Nuys CA 91406,31-33 Manufacturing,california,2025-09-18T00:56:57.997578,,
Los Angeles County,2025-07-18,2025-07-18,2025-09-30,"L3Harris Technologies, Inc.",Closure Permanent,149,7821 Orion Avenue  Van Nuys CA 91406,31-33 Manufacturing,california,2025-09-18T00:56:57.997578,34.2124825,-118.4706683
Los Angeles County,2025-07-17,2025-07-18,2025-09-16,"Oheck, LLC",Closure Permanent,174,5830 Bickett Street  Huntington Park CA 90255,31-33 Manufacturing,california,2025-09-18T00:56:57.997578,33.9919919,-118.2160402
Los Angeles County,2025-07-18,2025-07-18,2025-09-16,"Primo Brands, Inc.",Layoff Permanent,3,4510 Azusa Canyon Road  Covina CA 91706,31-33 Manufacturing,california,2025-09-18T00:56:57.997578,34.0913933,-117.9430355
Monterey County,2025-07-18,2025-07-18,2025-09-16,"Primo Brands, Inc.",Layoff Permanent,1,21875 Rosehart Way  Salinas CA 93908,31-33 Manufacturing,california,2025-09-18T00:56:57.997578,,
Shasta County,2025-07-18,2025-07-18,2025-07-21,Gee Heavy Machinery,Closure Permanent,7,1164 Prestige Way  Redding CA 96003,42 Wholesale Trade,california,2025-09-18T00:56:57.997578,40.6243038,-122.3728784
Santa Clara County,2025-07-18,2025-07-18,2025-09-16,"Primo Brands, Inc.",Layoff Permanent,4,945 Ames Road  Milpitas CA 95035,31-33 Manufacturing,california,2025-09-18T00:56:57.997578,,
Orange County,2025-07-18,2025-07-18,2025-09-15,AMD Direct Inc.,Closure Permanent,7,17322 Gothard Street  Huntington Beach CA 92647,42 Wholesale Trade,california,2025-09-18T00:56:57.997578,33.7108016,-117.9999245
Orange County,2025-07-18,2025-07-18,2025-09-16,"Primo Brands, Inc.",Layoff Permanent,4,1522 North Newhope Street  Santa Ana CA 92703,31-33 Manufacturing,california,2025-09-18T00:56:57.997578,33.7583307,-117.92952773281118
Riverside County,2025-07-18,2025-07-18,2025-09-16,"Primo Brands, Inc.",Layoff Permanent,4,1363 Citrus Avenue  Riverside CA 92507,31-33 Manufacturing,california,2025-09-18T00:56:57.997578,33.808337777209076,-117.19429164384559
Riverside County,2025-07-18,2025-07-18,2025-09-16,"Primo Brands, Inc.",Layoff Permanent,1,41611 Date Street  Murrieta CA 92562,31-33 Manufacturing,california,2025-09-18T00:56:57.997578,33.527628,-117.1776943
Sacramento County,2025-07-18,2025-07-18,2025-09-16,"Primo Brands, Inc.",Layoff Permanent,1,8631 Younger Creek Drive  Sacramento CA 95828,31-33 Manufacturing,california,2025-09-18T00:56:57.997578,38.5171788,-121.3824843
Sacramento County,2025-07-18,2025-07-18,2025-07-21,Gee Heavy Machinery,Layoff Permanent,34,5400 Raley Blvd  Sacramento CA 95838,42 Wholesale Trade,california,2025-09-18T00:56:57.997578,38.665602,-121.429023
San Diego County,2025-07-18,2025-07-18,2025-09-16,"Primo Brands, Inc.",Layoff Permanent,4,11811 Highway 67  Lakeside CA 92040,31-33 Manufacturing,california,2025-09-18T00:56:57.997578,,
San Diego County,2025-07-18,2025-07-18,2025-09-16,"Primo Brands, Inc.",Layoff Permanent,1,2615 Temple Heights Road  Oceanside CA 92056,31-33 Manufacturing,california,2025-09-18T00:56:57.997578,,
San Joaquin County,2025-07-18,2025-07-18,2025-09-16,"Primo Brands, Inc.",Layoff Permanent,3,1024 Mellon Avenue  Manteca CA 95337,31-33 Manufacturing,california,2025-09-18T00:56:57.997578,37.7885791,-121.212468
Solano County,2025-07-18,2025-07-18,2025-09-16,"Primo Brands, Inc.",Layoff Permanent,1,395 W Channel Road  Benicia CA 94510,31-33 Manufacturing,california,2025-09-18T00:56:57.997578,38.0884373,-122.141279
Sonoma County,2025-07-18,2025-07-18,2025-09-16,"Primo Brands, Inc.",Layoff Permanent,1,1264 Apollo Way Ste 3  Santa Rosa CA 95407,31-33 Manufacturing,california,2025-09-18T00:56:57.997578,38.4195709,-122.7496547
Los Angeles County,2025-07-18,2025-07-18,2025-09-16,"Primo Brands, Inc.",Layoff Permanent,3,221 E. Alondra Boulevard  Gardena CA 90248,31-33 Manufacturing,california,2025-09-18T00:56:57.997578,33.88419595458452,-118.29201290010778
Tulare County,2025-07-18,2025-07-18,2025-09-24,Ventura Coastal,Layoff Temporary,70,531 W. Poplar Avenue  Tipton CA 93272,42 Wholesale Trade,california,2025-09-18T00:56:57.997578,,
San Diego County,2025-07-21,2025-07-21,2025-09-22,SSP America,Layoff Permanent,116,3325 N. Harbor Dr 6900 Airport Blvd San Diego CA 92101,72 Accommodation and Food Services,california,2025-09-18T00:56:57.997578,,
Alameda County,2025-07-21,2025-07-22,2025-07-21,Kaiser Foundation Hospitals,Layoff Permanent,3,5820 Owens Dr  Pleasanton CA 94588,62 Healthcare and Social Assistance,california,2025-09-18T00:56:57.997578,37.6979216,-121.89114655613457
Marin County,2025-07-21,2025-07-22,2025-07-21,Kaiser Foundation Hospitals,Layoff Permanent,1,100 Smith Ranch Rd  San Rafael CA 94903,62 Healthcare and Social Assistance,california,2025-09-18T00:56:57.997578,38.0198341,-122.5345271
Riverside County,2025-07-21,2025-07-22,2025-09-19,Lazy Dog,Closure Permanent,89,40754 Winchester Rd.  Temecula CA 92591,72 Accommodation and Food Services,california,2025-09-18T00:56:57.997578,33.5263589,-117.1577125
Solano County,2025-07-17,2025-07-22,2025-09-17,"Primal Pet Foods, Inc. - Chadbourne",Closure Permanent,7,"801 Chadbourne, Suite 103  Fairfield CA 94534",31-33 Manufacturing,california,2025-09-18T00:56:57.997578,38.2300382,-122.0836828
Solano County,2025-07-17,2025-07-22,2025-09-17,"Primal Pet Foods, Inc.",Closure Permanent,10,"5100 Fulton Drive, Suite B  Fairfield CA 94534",31-33 Manufacturing,california,2025-09-18T00:56:57.997578,38.2072138,-122.1443472
Solano County,2025-07-17,2025-07-22,2025-09-17,"Primal Pet Foods, Inc. - Watt",Closure Permanent,130,"535 Watt Drive, Suite B  Fairfield CA 94534",31-33 Manufacturing,california,2025-09-18T00:56:57.997578,38.2063858,-122.1472447
Yolo County,2025-07-22,2025-07-22,2025-09-30,"US Foods, Inc.",Closure Permanent,48,3045 Mulvany Place  West Sacramento CA 95691,42 Wholesale Trade,california,2025-09-18T00:56:57.997578,38.549267,-121.56193553061225
San Mateo County,2025-01-29,2025-07-23,2025-01-29,"Astellas Gene Therapies, Inc.",Layoff Permanent,21,534 Eccles Avenue  South San Francisco CA 94080,42 Wholesale Trade,california,2025-09-18T00:56:57.997578,37.66046815935008,-122.3910513009801
Riverside County,2025-07-22,2025-07-23,2025-09-22,International Flavors & Fragrances,Closure Permanent,36,790 East Harrison Street  Corona CA 92879,56 Administrative and Support and Waste Management and Remediation,california,2025-09-18T00:56:57.997578,33.8843512,-117.5532584
San Bernardino County,2025-07-21,2025-07-23,2025-09-22,Williamson Morgan & Associates LLC,Layoff Not known at this time,22,320 S Milliken Avenue Suite H  Ontario CA 91761,31-33 Manufacturing,california,2025-09-18T00:56:57.997578,34.0605077,-117.5583754
San Diego County,2025-07-10,2025-07-23,2025-09-15,"SenDx Medical, Inc.",Closure Permanent,119,1945 Palomar Oaks Way  Carlsbad CA 92011,56 Administrative and Support and Waste Management and Remediation,california,2025-09-18T00:56:57.997578,33.1188619,-117.2875848
Los Angeles County,2025-07-24,2025-07-25,2025-09-30,Block By Block-CA,Layoff Permanent,82,WeHo Santa Monica Blvd. S4750 7362 Santa Monica Blvd. Los Angeles CA 90046,72 Accommodation and Food Services,california,2025-09-18T00:56:57.997578,,
Sacramento County,2025-07-25,2025-07-25,2025-09-25,Crane Food Services,Layoff Temporary,85,2679 E Bidwell Street  Folsom CA 95630,31-33 Manufacturing,california,2025-09-18T00:56:57.997578,38.6568486,-121.1269797
Riverside County,2025-07-28,2025-07-28,2025-09-30,"Decra Roofing Systems, Inc.",Closure Permanent,57,1230 Railroad Street  Corona CA 92882,81 Other Services Except Public Administration,california,2025-09-18T00:56:57.997578,33.88866,-117.5852248
Riverside County,2025-07-28,2025-07-28,2025-09-27,"CRST Lincoln Sales, Inc. dba CRST Equipment Solutions, Inc.",Layoff Permanent,10,5150 Wilson St.  JURUPA VALLEY CA 92509,31-33 Manufacturing,california,2025-09-18T00:56:57.997578,34.0193231,-117.3744493
Ventura County,2025-07-28,2025-07-28,2025-09-26,"Spiral Binding, LLC",Closure Permanent,135,431 Calle San Pablo  Camarillo CA 93012,62 Healthcare and Social Assistance,california,2025-09-18T00:56:57.997578,,
Alameda County,2025-07-28,2025-07-29,2025-07-28,Kaiser Foundation Hospitals,Layoff Permanent,6,One Kaiser Plaza  Oakland CA 94612,62 Healthcare and Social Assistance,california,2025-09-18T00:56:57.997578,37.80997240000001,-122.26410471998358
Alameda County,2025-07-28,2025-07-29,2025-07-28,Kaiser Foundation Hospitals,Layoff Permanent,4,"4460 Hacienda Dr., Bldg. A  Pleasanton CA 94588",62 Healthcare and Social Assistance,california,2025-09-18T00:56:57.997578,37.69686819920284,-121.89144063962476
Los Angeles County,2025-07-28,2025-07-29,2025-07-28,Kaiser Foundation Hospitals (393),Layoff Permanent,1,393 E. Walnut St  Pasadena CA 91188,62 Healthcare and Social Assistance,california,2025-09-18T00:56:57.997578,34.14961144723924,-118.14183761962059
Los Angeles County,2025-07-28,2025-07-29,2025-07-28,Kaiser Foundation Hospitals (74),Layoff Permanent,1,74 N. Pasadena Ave  Pasadena CA 91103,62 Healthcare and Social Assistance,california,2025-09-18T00:56:57.997578,34.14703494736842,-118.15405047368421
Los Angeles County,2025-07-28,2025-07-29,2025-07-28,Kaiser Foundation Hospitals (99),Layoff Permanent,3,99 S. Oakland Ave  Pasadena CA 91101,62 Healthcare and Social Assistance,california,2025-09-18T00:56:57.997578,34.14388503837992,-118.13983336219137
San Diego County,2025-07-28,2025-07-29,2025-07-28,Kaiser Foundation Hospitals,Layoff Permanent,1,"11975 El Camino Real, Ste. 105  San Diego CA 92130",48-49 Transportation and Warehousing,california,2025-09-18T00:56:57.997578,32.9357475,-117.237589
Riverside County,2025-07-28,2025-07-29,2025-09-27,"CRST Expedited, Inc. dba CRST The Transportation Solution",Layoff Permanent,7,5350 Wilson St.  JURUPA VALLEY CA 92509,31-33 Manufacturing,california,2025-09-18T00:56:57.997578,34.0194422,-117.3815317
Riverside County,2025-07-28,2025-07-29,2025-09-30,"Decra Roofing Systems, Inc.",Closure Permanent,4,1230 Railroad St.  Corona CA 92882,54 Professional Scientific and Technical Services,california,2025-09-18T00:56:57.997578,33.88866,-117.5852248
San Diego County,2025-07-29,2025-07-29,2025-09-30,Coastal Trading Ventures,Closure Permanent,27,1005 Jamacha Blvd.  Spring Valley CA 91978,31-33 Manufacturing,california,2025-09-18T00:56:57.997578,32.7376644,-116.9553366
San Diego County,2025-07-29,2025-07-29,2025-09-15,Thermo Fisher Scientific (5823),Layoff Permanent,52,5823 Newton Dr  Carlsbad CA 92008,31-33 Manufacturing,california,2025-09-18T00:56:57.997578,33.1395201,-117.2876972
San Diego County,2025-07-29,2025-07-29,2025-09-15,Thermo Fisher Scientific (5781),Layoff Permanent,33,5781 Van Allen Way  Carlsbad CA 92008,62 Healthcare and Social Assistance,california,2025-09-18T00:56:57.997578,33.1388804,-117.2858615
Fresno County,2025-07-24,2025-07-30,2025-09-24,"Planned Parenthood Mar Monte, Inc.",Layoff Permanent,4,6095 N. 1st Sreet  Fresno CA 93710,42 Wholesale Trade,california,2025-09-18T00:56:57.997578,,
Kern County,2025-07-29,2025-07-30,2025-09-29,Galleher LLC,Closure Permanent,2,6901 District Blvd. b  Bakersfield CA 93313,62 Healthcare and Social Assistance,california,2025-09-18T00:56:57.997578,35.3130641,-119.0861656
Kern County,2025-07-24,2025-07-30,2025-09-24,Planned Parenthood Mar Monte,Layoff Permanent,2,2633 16th Street  Bakersfield CA 93301,62 Healthcare and Social Assistance,california,2025-09-18T00:56:57.997578,35.3723073,-119.0321624
Madera County,2025-07-24,2025-07-30,2025-09-24,Planned Parenthood Mar Monte,Layoff Permanent,11,500 E. Almond Ave. Ste. 1  Madera CA 93637,62 Healthcare and Social Assistance,california,2025-09-18T00:56:57.997578,36.9454577,-120.0528592
Merced County,2025-07-24,2025-07-30,2025-07-24,Planned Parenthood Mar Monte,Layoff Permanent,2,3166 Collins Drive  Merced CA 95348,62 Healthcare and Social Assistance,california,2025-09-18T00:56:57.997578,37.3203138,-120.4755169
Monterey County,2025-07-24,2025-07-30,2025-09-24,"Planned Parenthood Mar Monte, Inc.",Layoff Permanent,3,316 North Main Street  Salinas CA 93901,62 Healthcare and Social Assistance,california,2025-09-18T00:56:57.997578,36.6825066,-121.653385
Santa Cruz County,2025-07-24,2025-07-30,2025-09-24,"Planned Parenthood Mar Monte, Inc.",Layoff Permanent,2,398 South Green Valley Road  Watsonville CA 95076,42 Wholesale Trade,california,2025-09-18T00:56:57.997578,36.93039,-121.776931
Shasta County,2025-07-29,2025-07-30,2025-09-29,Galleher LLC,Closure Permanent,2,3098 Crossroads Dr.  Redding CA 96003,62 Healthcare and Social Assistance,california,2025-09-18T00:56:57.997578,40.560398,-122.296884
San Mateo County,2025-07-24,2025-07-30,2025-09-24,"Planned Parenthood Mar Monte, Inc.",Layoff Permanent,10,435 Grand Avenue  South San Francisco CA 94080,62 Healthcare and Social Assistance,california,2025-09-18T00:56:57.997578,37.6559256,-122.4139155
Sacramento County,2025-07-24,2025-07-30,2025-09-25,"Planned Parenthood Mar Monte, Inc.",Layoff Permanent,1,"201 29th Street, Suite B  Sacramento CA 95816",62 Healthcare and Social Assistance,california,2025-09-18T00:56:57.997578,38.5823704,-121.4638982
San Joaquin County,2025-07-24,2025-07-30,2025-09-24,"Planned Parenthood Mar Monte, Inc.",Layoff Permanent,3,4555 Precissi Lane  Stockton CA 95207,62 Healthcare and Social Assistance,california,2025-09-18T00:56:57.997578,37.9891327,-121.3154442
Santa Clara County,2025-07-24,2025-07-30,2025-09-24,"Planned Parenthood Mar Monte, Inc.",Layoff Permanent,13,760 Renz Lane  Gilroy CA 95020,62 Healthcare and Social Assistance,california,2025-09-18T00:56:57.997578,37.0066368,-121.5576389
Santa Cruz County,2025-07-24,2025-07-30,2025-09-24,"Planned Parenthood Mar Monte, Inc.",Layoff Permanent,17,"1119 Pacific Avenue, Suite 200  Santa Cruz CA 95060",62 Healthcare and Social Assistance,california,2025-09-18T00:56:57.997578,36.9719406,-122.0256416
Stanislaus County,2025-07-24,2025-07-30,2025-09-24,Planned Parenthood Mar Monte,Layoff Permanent,3,1431 McHenry Suite 100  Modesto CA 95350,51 Information,california,2025-09-18T00:56:57.997578,37.664801,-120.9944767
Los Angeles County,2025-07-30,2025-07-30,2025-10-04,"Warner Bros. Discovery, Inc. (100)",Layoff Permanent,11,100 S. California Street  Burbank CA 91505,51 Information,california,2025-09-18T00:56:57.997578,34.15328435,-118.33270860129922
Los Angeles County,2025-07-30,2025-07-30,2025-10-04,"Warner Bros. Discovery, Inc. (200)",Layoff Permanent,38,200 S. California Street  Burbank CA 91505,51 Information,california,2025-09-18T00:56:57.997578,34.15386902100177,-118.33539305031489
Los Angeles County,2025-07-30,2025-07-30,2025-10-04,"Warner Bros. Discovery, Inc. (4000)",Layoff Permanent,3,4000 Warner Blvd  Burbank CA 91522,56 Administrative and Support and Waste Management and Remediation,california,2025-09-18T00:56:57.997578,34.1480142,-118.3345612
Solano County,2025-07-30,2025-07-30,2025-09-30,Recology Vallejo,Layoff Permanent,25,2021 Broadway  Vallejo CA 94589,31-33 Manufacturing,california,2025-09-18T00:56:57.997578,38.143951,-122.253748
Merced County,2025-07-31,2025-07-31,2025-09-29,Greif Packaging LLC,Closure Permanent,43,2400 Cooper Ave  Merced CA 95348,62 Healthcare and Social Assistance,california,2025-09-18T00:56:57.997578,37.3152424,-120.5135631
San Diego County,2025-07-31,2025-07-31,2025-10-31,Children's Specialists of San Diego,Layoff Permanent,55,7910 Frost Street  San Diego CA 92123,61 Educational Services,california,2025-09-18T00:56:57.997578,32.800787,-117.154205
Santa Clara County,2025-07-31,2025-07-31,2025-09-30,Stanford University,Layoff Permanent,363,450 Jane Stanford Way  Stanford CA 94305,44-45 Retail Trade,california,2025-09-18T00:56:57.997578,37.4292437,-122.1714879
Sonoma County,2025-07-31,2025-07-31,2025-10-01,"Wildbrine, LLC",Closure Permanent,4,3700 Fulton Rd  Santa Rosa CA 95403,72 Accommodation and Food Services,california,2025-09-18T00:56:57.997578,38.4530675,-122.7695758
Sacramento County,2025-08-01,2025-08-01,2025-10-01,Host International Inc.,Layoff Temporary,70,6900 Airport Blvd.  Sacramento CA 95837,54 Professional Scientific and Technical Services,california,2025-09-18T00:56:57.997578,38.6958157,-121.593968
Los Angeles County,2025-08-04,2025-08-04,2025-11-30,"Zeco Systems, Inc (DBA Shell Recharge Solutions)",Closure Permanent,4,568 S Alameda St  Los Angeles CA 90013,72 Accommodation and Food Services,california,2025-09-18T00:56:57.997578,34.0395928,-118.2379091
Los Angeles County,2025-08-01,2025-08-04,2025-10-06,"Azoteas Mex LA, LLC",Closure Permanent,48,812 East 3rd Street  Los Angeles CA 90013,54 Professional Scientific and Technical Services,california,2025-09-18T00:56:57.997578,34.0457772,-118.2355472
San Diego County,2025-07-31,2025-08-04,2025-10-01,"Poseida Therapeutics, Inc.",Layoff Permanent,52,"9390 Towne Centre Dr., #200  San Diego CA 92121",61 Educational Services,california,2025-09-18T00:56:57.997578,32.878262,-117.208323
Los Angeles County,2025-08-04,2025-08-05,2025-10-04,University of Southern California Keck Hospital,Layoff Permanent,45,1500 San Pablo Street (Keck)  Los Angeles CA 90033,61 Educational Services,california,2025-09-18T00:56:57.997578,,
Los Angeles County,2025-08-04,2025-08-05,2025-10-04,University of Southern California Norris Cancer Hospital,Layoff Permanent,10,1441 Eastlake Ave (Norris)  Los Angeles CA 90033,61 Educational Services,california,2025-09-18T00:56:57.997578,,
Los Angeles County,2025-08-04,2025-08-05,2025-10-04,University of Southern California Soto II,Layoff Permanent,26,1509 San Pablo St. (Soto II)  Los Angeles CA 90033,61 Educational Services,california,2025-09-18T00:56:57.997578,,
Los Angeles County,2025-08-04,2025-08-05,2025-10-04,University of Southern California HC1,Layoff Permanent,2,1510 San Pablo St (HC1)  Los Angeles CA 90033,61 Educational Services,california,2025-09-18T00:56:57.997578,34.0624686,-118.2029802
Los Angeles County,2025-08-04,2025-08-05,2025-10-04,University of Southern California HC2,Layoff Permanent,1,1520 San Pablo St. (HC2)  Los Angeles CA 90033,61 Educational Services,california,2025-09-18T00:56:57.997578,34.0625659,-118.2029463
Los Angeles County,2025-08-04,2025-08-05,2025-10-04,University of Southern California HC3,Layoff Permanent,1,1516 San Pablo St. (HC3)  Los Angeles CA 90033,61 Educational Services,california,2025-09-18T00:56:57.997578,34.0625269,-118.2029599
Los Angeles County,2025-08-04,2025-08-05,2025-10-04,University of Southern California (HC4),Layoff Permanent,2,1450 San Pablo St. (HC4)  Los Angeles CA 90033,61 Educational Services,california,2025-09-18T00:56:57.997578,34.0617414,-118.2024086
Los Angeles County,2025-08-04,2025-08-05,2025-10-04,University of Southern California DTLA Clinic,Layoff Permanent,1,"830 S. Flower Street, Building DKC  Los Angeles CA 90017",61 Educational Services,california,2025-09-18T00:56:57.997578,,
Los Angeles County,2025-08-04,2025-08-05,2025-10-04,University of Southern California,Layoff Permanent,1,1509 San Pablo St.  Los Angeles CA 90033,61 Educational Services,california,2025-09-18T00:56:57.997578,34.0624941,-118.203177
Orange County,2025-08-01,2025-08-05,2025-10-01,"SIE Orange County Kitchen, LLC",Layoff Permanent,64,1400 Anduril Drive  Costa Mesa CA 92626,72 Accommodation and Food Services,california,2025-09-18T00:56:57.997578,,
San Bernardino County,2025-08-01,2025-08-05,2025-10-03,"Horizon Hobby, LLC",Closure Permanent,19,"4710 E, Guasti Rd. Ste. A  Ontario CA 91761",42 Wholesale Trade,california,2025-09-18T00:56:57.997578,34.0652391,-117.5491987
Contra Costa County,2025-08-06,2025-08-06,2025-10-05,"Southwest Key Programs, Inc.",Closure Permanent,3,808 Grayson Rd.  Pleasant Hill CA 94523,62 Healthcare and Social Assistance,california,2025-09-18T00:56:57.997578,37.9476613,-122.0893852
San Diego County,2025-08-06,2025-08-06,2025-10-10,"Gilead Sciences, Inc.",Layoff Permanent,5,4010 Ocean Ranch Blvd  Oceanside CA 92056,54 Professional Scientific and Technical Services,california,2025-09-18T00:56:57.997578,33.2127707,-117.3028848
San Diego County,2025-08-06,2025-08-06,2025-10-05,"Southwest Key Programs, Inc.",Closure Permanent,5,1160 Broadway  El Cajon CA 92021,62 Healthcare and Social Assistance,california,2025-09-18T00:56:57.997578,32.808251,-116.941613
Tehama County,2025-08-05,2025-08-06,2025-10-07,Marathon Staffing Solutions Inc,Layoff Permanent,9,1600 Solano St. Suite C  Corning CA 96021,56 Administrative and Support and Waste Management and Remediation,california,2025-09-18T00:56:57.997578,39.927988,-122.187037
Yolo County,2025-08-05,2025-08-06,2025-10-07,Marathon Staff Solutions Inc. - W. Sacramento,Layoff Permanent,62,"2950 Beacon Boulevard, Suite 45  West Sacramento CA 95691",56 Administrative and Support and Waste Management and Remediation,california,2025-09-18T00:56:57.997578,38.5722957,-121.5498394
Santa Clara County,2025-08-06,2025-08-07,2025-10-01,"Jabil, Inc.",Closure Permanent,21,"6212 Hellyer Ave, Suite 10  San Jose CA 95138",31-33 Manufacturing,california,2025-09-18T00:56:57.997578,37.2562222,-121.777147
San Diego County,2025-08-08,2025-08-08,2025-10-06,"TriLink Biotechnologies, LLC (10770)",Layoff Permanent,69,10770 Wateridge Cir.  San Diego CA 92121,54 Professional Scientific and Technical Services,california,2025-09-18T00:56:57.997578,32.90076,-117.21196
San Diego County,2025-08-08,2025-08-08,2025-10-06,"TriLink Biotechnologies, LLC (5717)",Layoff Permanent,5,5717 Pacific Center Blvd.  San Diego CA 92121,54 Professional Scientific and Technical Services,california,2025-09-18T00:56:57.997578,32.9025305,-117.1985008
San Diego County,2025-08-08,2025-08-08,2025-10-06,"TriLink Biotechnologies, LLC (10240)",Layoff Permanent,5,10240 Flanders Ct.  San Diego CA 92121,54 Professional Scientific and Technical Services,california,2025-09-18T00:56:57.997578,32.9050897,-117.175335
San Diego County,2025-08-08,2025-08-08,2025-10-06,"TriLink Biotechnologies, LLC (10247)",Layoff Permanent,11,10247 Flanders Ct.  San Diego CA 92121,54 Professional Scientific and Technical Services,california,2025-09-18T00:56:57.997578,32.9051336,-117.174391
Stanislaus County,2025-08-08,2025-08-08,2025-09-30,Diamond Baseball Holdings,Layoff Permanent,7,601 Neece Drive  Modesto CA 95351,71 Arts Entertainment and Recreation,california,2025-09-18T00:56:57.997578,37.6223004,-120.9992732
Santa Clara County,2025-08-07,2025-08-11,2025-10-08,Altera Corporation,Layoff Permanent,82,101 Innovation Drive  San Jose CA 95134,54 Professional Scientific and Technical Services,california,2025-09-18T00:56:57.997578,37.4021304,-121.9355001
Alameda County,2025-08-13,2025-08-13,2025-10-13,"Oracle America, Inc.",Layoff Permanent,45,5815 Owens Drive  Pleasanton CA 94588,54 Professional Scientific and Technical Services,california,2025-09-18T00:56:57.997578,37.6996092,-121.8898837
Los Angeles County,2025-08-12,2025-08-13,2025-08-31,Buck Mason,Closure Permanent,2,8500 Beverly Blvd  Los Angeles CA 90048,44-45 Retail Trade,california,2025-09-18T00:56:57.997578,34.075718,-118.3770471
San Mateo County,2025-08-13,2025-08-13,2025-10-13,"Oracle America, Inc.",Layoff Permanent,143,500 Oracle Parkway  Redwood City CA 94065,54 Professional Scientific and Technical Services,california,2025-09-18T00:56:57.997578,37.5308068,-122.2622662
Alameda County,2025-08-12,2025-08-13,2025-10-13,Block,Layoff Permanent,5,"1955 Broadway, Suite 600  Oakland CA 94612",51 Information,california,2025-09-18T00:56:57.997578,37.8092976,-122.269362
Sonoma County,2025-08-13,2025-08-13,2025-08-13,"Bausch Health US, LLC",Closure Permanent,49,1330 Redwood Way  Petaluma CA 94954,31-33 Manufacturing,california,2025-09-18T00:56:57.997578,38.2769543,-122.665619
Los Angeles County,2025-08-14,2025-08-14,2025-10-31,"Delaware North Companies Travel Hospitality Services, Inc.",Layoff Permanent,92,1 World Way  Los Angeles CA 90045,72 Accommodation and Food Services,california,2025-09-18T00:56:57.997578,33.9459832,-118.4013208
Los Angeles County,2025-08-14,2025-08-14,2025-09-30,University of Southern California,Layoff Permanent,54,3551 Trousdale Pkwy  Los Angeles CA 90089,61 Educational Services,california,2025-09-18T00:56:57.997578,34.0208709,-118.2855497
Los Angeles County,2025-08-14,2025-08-14,2025-10-31,Warner Music Inc.,Layoff Permanent,56,777 South Santa Fe Avenue  Los Angeles CA 90021,51 Information,california,2025-09-18T00:56:57.997578,34.0338526,-118.2301182
Santa Clara County,2025-08-13,2025-08-14,2025-10-13,"Oracle America, Inc.",Layoff Permanent,101,4230 Leonard Stocking Drive  Santa Clara CA 95054,54 Professional Scientific and Technical Services,california,2025-09-18T00:56:57.997578,37.3921072,-121.954611
Ventura County,2025-08-14,2025-08-14,2025-08-01,Adventist Health Simi Valley,Layoff Permanent,2,2975 Sycamore Drive  Simi Valley CA 93065,62 Healthcare and Social Assistance,california,2025-09-18T00:56:57.997578,34.28907715,-118.74568288307515
Orange County,2025-08-14,2025-08-15,2025-10-15,"Anaheim Arena Management, LLC",Layoff Permanent,91,2695 E Katella Avenue  Anaheim CA 92806,71 Arts Entertainment and Recreation,california,2025-09-18T00:56:57.997578,33.8078316,-117.876534
Kern County,2025-08-14,2025-08-15,2025-10-14,Pactiv LLC,Closure Permanent,127,2024 Norris Rd.  Bakersfield CA 93308,31-33 Manufacturing,california,2025-09-18T00:56:57.997578,35.4210804,-119.0585245
Los Angeles County,2025-08-15,2025-08-15,2025-10-16,The Vons Companies Inc.,Closure Temporary,54,3118 S. Sepulveda Blvd.  Los Angeles CA 90034,44-45 Retail Trade,california,2025-09-18T00:56:57.997578,34.0265698,-118.4269575
Los Angeles County,2025-08-15,2025-08-15,2025-10-06,Adventist Health White Memorial & Montebello,Layoff Permanent,54,1720 East Cesar E. Chavez Ave  Los Angeles CA 90003,55 Management of Companies and Enterprises,california,2025-09-18T00:56:57.997578,34.0509715,-118.2173756
Los Angeles County,2025-08-15,2025-08-15,2025-10-06,Adventist Health Glendale,Layoff Permanent,58,1509 Wilson Terrace  Glendale CA 91206,55 Management of Companies and Enterprises,california,2025-09-18T00:56:57.997578,34.1511434,-118.2303868
Placer County,2025-08-15,2025-08-15,2025-10-06,Adventist Health 1,Layoff Permanent,296,1 Adventist Health Way  Roseville CA 95661,55 Management of Companies and Enterprises,california,2025-09-18T00:56:57.997578,38.7564576,-121.2517539
Santa Clara County,2025-08-13,2025-08-15,2025-10-13,"Cisco Systems, Inc.",Layoff Permanent,157,560 McCarthy Blvd  Milpitas CA 95035,54 Professional Scientific and Technical Services,california,2025-09-18T00:56:57.997578,37.418589749999995,-121.91935821290218
San Francisco County,2025-08-13,2025-08-15,2025-10-13,"Cisco Systems, Inc.",Layoff Permanent,64,500 Terry A. Francois Blvd  San Francisco CA 94158,54 Professional Scientific and Technical Services,california,2025-09-18T00:56:57.997578,37.7703857,-122.38733826824745
Ventura County,2025-08-15,2025-08-15,2025-08-15,Adventist Health Simi Valley,Layoff Permanent,1,2975 Sycamore Drive  Simi Valley CA 93065,62 Healthcare and Social Assistance,california,2025-09-18T00:56:57.997578,34.28907715,-118.74568288307515
Los Angeles County,2025-08-18,2025-08-18,2025-10-04,"Zeco Systems, Inc.",Layoff Permanent,114,"767 S Alameda, Suite 200  Los Angeles CA 90021",54 Professional Scientific and Technical Services,california,2025-09-18T00:56:57.997578,34.0306645,-118.238978
Orange County,2025-08-18,2025-08-18,2025-11-21,Penney OpCo LLC,Closure Permanent,76,400 Westminster Mall  Westminster CA 92683,44-45 Retail Trade,california,2025-09-18T00:56:57.997578,33.7475616,-118.0155087
Contra Costa County,2025-08-19,2025-08-19,2025-10-24,Corteva Agriscience LLC,Layoff Permanent,10,901 Loveridge Road  Pittsburg CA 94565,54 Professional Scientific and Technical Services,california,2025-09-18T00:56:57.997578,38.01788548418139,-121.85778561054944
Alameda County,2025-08-18,2025-08-19,2025-08-04,Kaiser Foundation Hospitals,Layoff Permanent,2,One Kaiser Plaza  Oakland CA 94612,62 Healthcare and Social Assistance,california,2025-09-18T00:56:57.997578,37.80997240000001,-122.26410471998358
Alameda County,2025-08-18,2025-08-19,2025-08-04,Kaiser Foundation Hospitals,Layoff Permanent,8,"4460 Hacienda Dr., Bldg. A  Pleasanton CA 94588",62 Healthcare and Social Assistance,california,2025-09-18T00:56:57.997578,37.69686819920284,-121.89144063962476
Los Angeles County,2025-08-18,2025-08-19,2025-08-04,Kaiser Foundation Hospitals,Layoff Permanent,1,99 S. Oakland Ave  Pasadena CA 91101,62 Healthcare and Social Assistance,california,2025-09-18T00:56:57.997578,34.14388503837992,-118.13983336219137
Marin County,2025-08-18,2025-08-19,2025-08-04,Kaiser Foundation Hospitals,Layoff Permanent,42,99 Montecillo Rd.  San Rafael CA 94903,62 Healthcare and Social Assistance,california,2025-09-18T00:56:57.997578,38.0046667,-122.5551134
Riverside County,2025-08-18,2025-08-19,2025-08-04,Kaiser Foundation Hospitals (1830),Layoff Permanent,2,1830 California Ave  Corona CA 92881,62 Healthcare and Social Assistance,california,2025-09-18T00:56:57.997578,33.8581181791114,-117.53913414698809
Riverside County,2025-08-18,2025-08-19,2025-08-04,Kaiser Foundation Hospitals (1850),Layoff Permanent,2,1850 California Ave  Corona CA 92881,62 Healthcare and Social Assistance,california,2025-09-18T00:56:57.997578,33.857689,-117.539143
El Dorado County,2025-08-19,2025-08-19,2025-10-30,LCP Lake Tahoe EMP,Closure Permanent,110,3411 Lake Tahoe Blvd  South Lake Tahoe CA 96150,72 Accommodation and Food Services,california,2025-09-18T00:56:57.997578,38.9463353,-119.9671966
Los Angeles County,2025-08-13,2025-08-19,2025-08-17,Sella Restaurant Holdings LP,Closure Permanent,72,8899 Beverly Blvd.  Los Angeles CA 90048,72 Accommodation and Food Services,california,2025-09-18T00:56:57.997578,34.0772575,-118.3872649
Alameda County,2025-07-10,2025-08-19,2025-07-10,"GSC Solutions, Inc.",Layoff Permanent,32,"530 Water Street, 5th Floor  Oakland CA 94607",56 Administrative and Support and Waste Management and Remediation,california,2025-09-18T00:56:57.997578,37.7957586,-122.2788208
Alameda County,2025-08-19,2025-08-19,2025-10-06,Regional Center of the East Bay,Layoff Permanent,108,675 Hegenberger Rd. Ste. 200  Oakland CA 94621,62 Healthcare and Social Assistance,california,2025-09-18T00:56:57.997578,37.7483687,-122.1964879
Riverside County,2025-08-20,2025-08-20,2025-11-21,Town Hospice & Palliative Care LLC dba Suncrest Hospice Inland Empire,Closure Permanent,23,6465 Sycamore Canyon Blvd. Suie 150  Riverside CA 92507,62 Healthcare and Social Assistance,california,2025-09-18T00:56:57.997578,33.9329451,-117.298362
Santa Clara County,2025-08-20,2025-08-20,2025-10-31,Northrop Grumman,Closure Permanent,78,6379 San Ignacio Avenue  San Jose CA 95119,54 Professional Scientific and Technical Services,california,2025-09-18T00:56:57.997578,37.2368167,-121.7843637
Los Angeles County,2025-08-19,2025-08-21,2025-10-20,"Farmers Group, Inc.",Layoff Permanent,62,6301 Owensmouth Avenue  Woodland Hills CA 91367,52 Finance and Insurance,california,2025-09-18T00:56:57.997578,34.1845498,-118.6021616
Los Angeles County,2025-08-19,2025-08-21,2025-10-20,"Farmers Group, Inc.",Layoff Permanent,1,6303 Owensmouth Avenue  Woodland Hills CA 91367,52 Finance and Insurance,california,2025-09-18T00:56:57.997578,34.18517445,-118.6023402630372
Ventura County,2025-08-21,2025-08-21,2025-10-29,Freedom Designs Inc.,Closure Permanent,70,2241 Madera Rd  Simi Valley CA 93065,31-33 Manufacturing,california,2025-09-18T00:56:57.997578,34.2759085,-118.796592
Los Angeles County,2025-08-22,2025-08-22,2025-10-04,University of Southern California,Layoff Permanent,144,3551 Trousdale Pkwy.  Los Angeles CA 90089,61 Educational Services,california,2025-09-18T00:56:57.997578,34.0208709,-118.2855497
Glenn County,2025-08-22,2025-08-22,2025-10-21,Glenn Medical Center,Closure Permanent,225,1133 West Sycamore St.  Willows CA 95988,62 Healthcare and Social Assistance,california,2025-09-18T00:56:57.997578,39.5214273,-122.2081393
Santa Clara County,2025-08-21,2025-08-22,2025-10-27,"Intuitive Surgical, Inc.",Layoff Permanent,331,1050 Kifer Rd.  Sunnyvale CA 94086,31-33 Manufacturing,california,2025-09-18T00:56:57.997578,37.3750793,-122.0130749
Alameda County,2025-08-22,2025-08-25,2025-10-31,"CooperVision, Inc.",Closure Permanent,6,"5870 Stoneridge Dr., Suite 1  Pleasanton CA 94588",42 Wholesale Trade,california,2025-09-18T00:56:57.997578,37.6912896,-121.8994516
Alameda County,2025-08-25,2025-08-25,2025-08-25,Kaiser Foundation Hospitals,Layoff Permanent,3,"4460 Hacienda Dr., Bldg. A.  Pleasanton CA 94588",62 Healthcare and Social Assistance,california,2025-09-18T00:56:57.997578,37.69686819920284,-121.89144063962476
Los Angeles County,2025-08-25,2025-08-25,2025-08-25,Kaiser Foundation Hospitals,Layoff Permanent,2,99 S. Oakland Ave.  Pasadena CA 91101,62 Healthcare and Social Assistance,california,2025-09-18T00:56:57.997578,34.143885,-118.1398334
Riverside County,2025-08-25,2025-08-25,2025-08-25,Kaiser Foundation Hospitals (1830),Layoff Permanent,1,1830 California Ave  Corona CA 92881,62 Healthcare and Social Assistance,california,2025-09-18T00:56:57.997578,33.8581181791114,-117.53913414698809
Riverside County,2025-08-25,2025-08-25,2025-08-25,Kaiser Foundation Hospitals (1850),Layoff Permanent,2,1850 California Ave.  Corona CA 92881,62 Healthcare and Social Assistance,california,2025-09-18T00:56:57.997578,33.857689,-117.539143
Butte County,2025-08-25,2025-08-25,2025-10-31,Enloe Health,Closure Permanent,78,1390 E. Lassen Avenue  Chico CA 95973,62 Healthcare and Social Assistance,california,2025-09-18T00:56:57.997578,39.7730893,-121.8389822
Alameda County,2025-08-26,2025-08-26,2025-10-27,"Exelixis, Inc.",Layoff Permanent,71,1851 Harbor Pay Parkway  Alameda CA 94502,54 Professional Scientific and Technical Services,california,2025-09-18T00:56:57.997578,,
San Mateo County,2025-07-24,2025-08-26,2025-07-24,"Planned Parenthood Mar Monte, Inc.",Layoff Permanent,9,35 Baywood Avenue  San Mateo CA 94402,62 Healthcare and Social Assistance,california,2025-09-18T00:56:57.997578,37.5644866,-122.3287394
San Mateo County,2025-07-24,2025-08-26,2025-07-24,"Planned Parenthood Mar Monte, Inc. - 29",Layoff Permanent,1,29 Baywood Avenue  San Mateo CA 94402,62 Healthcare and Social Assistance,california,2025-09-18T00:56:57.997578,37.5647573,-122.3288398
Santa Clara County,2025-08-25,2025-08-26,2025-07-15,Intel Corporation (Robert Noyce),Layoff Permanent,46,2200 Mission College Boulevard  Santa Clara CA 95054,54 Professional Scientific and Technical Services,california,2025-09-18T00:56:57.997578,37.387829,-121.9633667
Santa Clara County,2025-08-25,2025-08-26,2025-07-15,Intel Corporation (SC-9),Layoff Permanent,2,3601 Juliette Lane  Santa Clara CA 95054-1513,54 Professional Scientific and Technical Services,california,2025-09-18T00:56:57.997578,37.3876019,-121.9667204
Santa Clara County,2025-08-25,2025-08-26,2025-07-15,Intel Corporation (SC-12),Layoff Permanent,50,3600 Juliette Lane  Santa Clara CA 95054,54 Professional Scientific and Technical Services,california,2025-09-18T00:56:57.997578,37.3864262,-121.965763
Orange County,2025-08-26,2025-08-26,2025-10-25,"Dandelion Payments, Inc.",Layoff Permanent,64,"7000 Village Dr., Ste 200  Buena Park CA 90621-2287",52 Finance and Insurance,california,2025-09-18T00:56:57.997578,33.8696528,-118.0107553
Sacramento County,2025-08-25,2025-08-26,2025-07-11,Intel Corporation,Layoff Permanent,83,1900 Prairie City Rd  Folsom CA 95630,54 Professional Scientific and Technical Services,california,2025-09-18T00:56:57.997578,38.649361,-121.162846
Sacramento County,2025-08-26,2025-08-26,2025-10-31,Berco Redwood Inc.,Closure Temporary,13,4560 Auburn Blvd  Sacramento CA 95841,44-45 Retail Trade,california,2025-09-18T00:56:57.997578,38.650547,-121.357551
Contra Costa County,2025-07-31,2025-08-26,2025-07-31,"Southwest Key Programs, Inc. - Casa Pleasant Hill",Layoff Permanent,47,808 Grayson Rd.  Pleasant Hill CA 94523,62 Healthcare and Social Assistance,california,2025-09-18T00:56:57.997578,37.9476613,-122.0893852
San Diego County,2025-07-31,2025-08-26,2025-07-31,"Southwest Key Programs, Inc. - Casa San Diego",Layoff Permanent,116,1160 Broadway  El Cajon CA 92021,62 Healthcare and Social Assistance,california,2025-09-18T00:56:57.997578,32.808251,-116.941613
Santa Clara County,2025-07-24,2025-08-26,2025-07-24,"Planned Parenthood Mar Monte, Inc. 5440",Layoff Permanent,12,"5440 Thornwood Drive, Suite G  San Jose CA 95123",62 Healthcare and Social Assistance,california,2025-09-18T00:56:57.997578,37.2538261,-121.8606298
Santa Clara County,2025-07-24,2025-08-26,2025-07-24,"Planned Parenthood Mar Monte, Inc. - 3131",Layoff Permanent,1,3131 Alum Rock Ave.  San Jose CA 95127,62 Healthcare and Social Assistance,california,2025-09-18T00:56:57.997578,37.3665481,-121.8273175
Santa Clara County,2025-07-24,2025-08-26,2025-07-24,"Planned Parenthood Mar Monte,  Inc. - 1694",Layoff Permanent,1,"1694 Tully Road, Suite 40  San Jose CA 95122",62 Healthcare and Social Assistance,california,2025-09-18T00:56:57.997578,37.3211215,-121.8257799
Santa Clara County,2025-07-24,2025-08-26,2025-07-24,"Planned Parenthood Mar Monte, Inc. - 1691",Layoff Permanent,1,1691 The Alameda  San Jose CA 95126,62 Healthcare and Social Assistance,california,2025-09-18T00:56:57.997578,37.3371286,-121.919528
Contra Costa County,2025-08-26,2025-08-27,2025-10-27,Web To Door Corporation,Layoff Permanent,67,2995 Atlas Road  Richmond CA 94806,48-49 Transportation and Warehousing,california,2025-09-18T00:56:57.997578,37.9980641,-122.3557413
Los Angeles County,2025-08-27,2025-08-27,2025-10-28,Children's Hospital Los Angeles,Layoff Permanent,439,4650 Sunset Blvd.  Los Angeles CA 90027,62 Healthcare and Social Assistance,california,2025-09-18T00:56:57.997578,34.0976912,-118.2900801
Los Angeles County,2025-07-31,2025-08-27,2025-08-08,Adventist Health White Memorial,Layoff Permanent,28,309 W Beverly Blvd.  Montebello CA 90640,62 Healthcare and Social Assistance,california,2025-09-18T00:56:57.997578,34.0161952,-118.1009066
Santa Clara County,2025-08-26,2025-08-27,2025-10-27,Web To Door Corporation,Layoff Permanent,63,225 N McCarthy Blvd  Milpitas CA 95035,48-49 Transportation and Warehousing,california,2025-09-18T00:56:57.997578,37.4505901,-121.9228094
Alameda County,2025-08-26,2025-08-27,2025-10-27,Web To Door Corporation,Layoff Permanent,62,5800 Coliseum Way  Oakland CA 94601,48-49 Transportation and Warehousing,california,2025-09-18T00:56:57.997578,37.7619263,-122.2104552
San Bernardino County,2025-08-26,2025-08-27,2025-10-26,"GXO Logistics Supply Chain, Inc.",Closure Permanent,32,"26525 Pioneer Avenue, Suite B  Redlands CA 92374",54 Professional Scientific and Technical Services,california,2025-09-18T00:56:57.997578,34.0803511,-117.2247709
San Francisco County,2025-08-27,2025-08-27,2025-08-27,JPMorgan Chase,Layoff Permanent,99,One Front Street  San Francisco CA 94111,54 Professional Scientific and Technical Services,california,2025-09-18T00:56:57.997578,37.7918825,-122.39885190470946
San Joaquin County,2025-08-27,2025-08-27,2025-11-03,Norman's Nursery,Layoff Permanent,71,6250 Escalon Bellota Road  Linden CA 95236,11 Agriculture Forestry Fishing Hunting,california,2025-09-18T00:56:57.997578,,
Stanislaus County,2025-08-14,2025-08-27,2025-10-13,Silgan Containers,Layoff Temporary,78,567 S Riverside Drive  Modesto CA 95354,31-33 Manufacturing,california,2025-09-18T00:56:57.997578,37.63479749799197,-120.94812624899599
Stanislaus County,2025-08-19,2025-08-27,2025-10-19,Silgan Containers,Layoff Temporary,72,430 Doherty Ave  Modesto CA 95354,31-33 Manufacturing,california,2025-09-18T00:56:57.997578,,
Tulare County,2025-08-25,2025-08-27,2025-10-31,Vistar Green Rabbit 2237,Closure Permanent,92,2237 North Plaza Drive  Visalia CA 93291,48-49 Transportation and Warehousing,california,2025-09-18T00:56:57.997578,36.3508044,-119.3947107
Tulare County,2025-08-25,2025-08-27,2025-10-31,Vistar Green Rabbit,Closure Permanent,15,345 East Tulare Street  Visalia CA 93277,48-49 Transportation and Warehousing,california,2025-09-18T00:56:57.997578,,
Sacramento County,2025-08-28,2025-08-28,2025-10-21,Foundation for California Community Colleges,Layoff Permanent,174,"1102 Q Street, Suite 4800  Sacramento CA 95811",61 Educational Services,california,2025-09-18T00:56:57.997578,38.571741200000005,-121.49497046111111
San Diego County,2025-08-27,2025-08-28,2025-11-03,"DexCom, Inc.",Layoff Permanent,319,6290-6350 Sequence Drive  San Diego CA 92121,31-33 Manufacturing,california,2025-09-18T00:56:57.997578,32.9064431,-117.1860993
Alameda County,2025-08-29,2025-08-29,2025-10-31,"Downtown Streets, Inc.",Closure Permanent,5,"22551 2nd Street, Suite 255  Hayward CA 94541",81 Other Services Except Public Administration,california,2025-09-18T00:56:57.997578,37.6754962,-122.0798135
Alameda County,2025-08-29,2025-08-29,2025-10-31,"Downtown Streets, Inc.",Closure Not known at this time,4,"1600 Shattuck Avenue, Suite 205  Berkeley CA 94709",81 Other Services Except Public Administration,california,2025-09-18T00:56:57.997578,37.8781115,-122.2693938
Monterey County,2025-08-29,2025-08-29,2025-08-29,"Downtown Streets, Inc.",Closure Permanent,4,140 Central Ave  Salinas CA 93901,81 Other Services Except Public Administration,california,2025-09-18T00:56:57.997578,36.676408,-121.659825
Santa Clara County,2025-08-29,2025-08-29,2025-10-31,"Downtown Streets, Inc.",Closure Permanent,3,270 Grant Ave  Palo Alto CA 94306,81 Other Services Except Public Administration,california,2025-09-18T00:56:57.997578,37.4269913,-122.1423097
Santa Clara County,2025-08-29,2025-08-29,2025-10-31,"Downtown Streets, Inc.",Closure Permanent,3,1160 Kern Ave  Sunnyvale CA 94085,81 Other Services Except Public Administration,california,2025-09-18T00:56:57.997578,37.3823513,-121.9978188
Sacramento County,2025-08-29,2025-08-29,2025-10-31,"Downtown Streets, Inc.",Closure Not known at this time,3,2111 J Street  Sacramento CA 95816,81 Other Services Except Public Administration,california,2025-09-18T00:56:57.997578,38.5763479,-121.4782718
Santa Clara County,2025-08-29,2025-08-29,2025-10-31,"Downtown Streets, Inc.",Closure Not known at this time,25,"1671 The Alameda, Suite 301  San Jose CA 95126",81 Other Services Except Public Administration,california,2025-09-18T00:56:57.997578,37.3365921,-121.918999
Santa Clara County,2025-08-29,2025-08-29,2025-10-31,"Downtown Streets, Inc.",Closure Not known at this time,9,"1671 The Alameda, Suite 304  San Jose CA 95126",81 Other Services Except Public Administration,california,2025-09-18T00:56:57.997578,37.3365921,-121.918999
Santa Cruz County,2025-08-29,2025-08-29,2025-10-31,"Downtown Streets, Inc.",Closure Not known at this time,9,404 Ocean Street  Santa Cruz CA 95060,81 Other Services Except Public Administration,california,2025-09-18T00:56:57.997578,36.9734888,-122.0182339
Solano County,2025-08-29,2025-08-29,2025-10-31,"Downtown Streets, Inc.",Closure Permanent,2,1652 W Texas Street  Fairfield CA 94533,81 Other Services Except Public Administration,california,2025-09-18T00:56:57.997578,38.2496686,-122.0578182
Stanislaus County,2025-08-29,2025-08-29,2025-10-31,"Downtown Streets, Inc.",Closure Permanent,17,1300 H Street  Modesto CA 95354,81 Other Services Except Public Administration,california,2025-09-18T00:56:57.997578,37.640743,-120.994918
Yolo County,2025-08-29,2025-08-29,2025-10-31,"Downtown Streets, Inc.",Closure Permanent,3,412 C Street  Davis CA 95616,81 Other Services Except Public Administration,california,2025-09-18T00:56:57.997578,38.5460756,-121.743805
Yolo County,2025-08-29,2025-08-29,2025-10-31,"Downtown Streets, Inc.",Closure Permanent,8,920 W Capital Ave  West Sacramento CA 95691,81 Other Services Except Public Administration,california,2025-09-18T00:56:57.997578,,
Marin County,2025-08-29,2025-08-29,2025-10-31,"Downtown Streets, Inc.",Closure Not known at this time,16,532 4th Street  San Rafael CA 94901,81 Other Services Except Public Administration,california,2025-09-18T00:56:57.997578,37.9721249,-122.5193588
Alameda County,2025-08-29,2025-09-02,2025-08-29,"Exelixis, Inc.",Layoff Permanent,74,1851 Harbor Bay Parkway  Alameda CA 94502,54 Professional Scientific and Technical Services,california,2025-09-18T00:56:57.997578,37.726179,-122.2437431
Alameda County,2025-09-02,2025-09-02,2025-11-03,"Oracle America, Inc.",Layoff Permanent,36,5815 Owens Drive  Pleasanton CA 94588,54 Professional Scientific and Technical Services,california,2025-09-18T00:56:57.997578,37.6996092,-121.8898837
San Mateo County,2025-09-02,2025-09-02,2025-11-03,"Oracle America, Inc.",Layoff Permanent,187,500 Oracle Parkway  Redwood City CA 94065,54 Professional Scientific and Technical Services,california,2025-09-18T00:56:57.997578,37.5308068,-122.2622662
Santa Clara County,2025-09-02,2025-09-02,2025-11-03,"Oracle America, Inc.",Layoff Permanent,31,4230 Leonard Stocking Drive  Santa Clara CA 95054,54 Professional Scientific and Technical Services,california,2025-09-18T00:56:57.997578,37.3921072,-121.954611
San Francisco County,2025-09-02,2025-09-02,2025-11-01,"Juni Learning, Inc.",Closure Permanent,121,"2261 Market Street, #4242  San Francisco CA 94114",61 Educational Services,california,2025-09-18T00:56:57.997578,37.7648161,-122.4320546
San Francisco County,2025-09-02,2025-09-02,2025-11-03,"Salesforce, Inc.",Layoff Permanent,262,415 Mission Street  San Francisco CA 94105,54 Professional Scientific and Technical Services,california,2025-09-18T00:56:57.997578,37.78977435,-122.3969321220982
Fresno County,2025-08-27,2025-09-03,2025-10-24,Fellers LLC,Closure Permanent,2,"4933 West Jennifer Avenue, #102  Fresno CA 93722",44-45 Retail Trade,california,2025-09-18T00:56:57.997578,36.8139732,-119.8828414
Los Angeles County,2025-09-02,2025-09-03,2025-11-01,G2 Secure Staff,Layoff Permanent,103,400 World Way  Los Angeles CA 90045,48-49 Transportation and Warehousing,california,2025-09-18T00:56:57.997578,33.943353,-118.408234
San Diego County,2025-09-03,2025-09-03,2025-11-04,Sandpiper,Closure Permanent,25,2259 Avenida De La Playa  La Jolla CA 92037,72 Accommodation and Food Services,california,2025-09-18T00:56:57.997578,32.8537118,-117.2545746
Santa Clara County,2025-09-03,2025-09-04,2025-11-02,Six Flags Entertainment Corporation,Layoff Permanent,184,4701 Great America Parkway  Santa Clara CA 95054,71 Arts Entertainment and Recreation,california,2025-09-18T00:56:57.997578,37.3954145,-121.972086
Riverside County,2025-09-04,2025-09-04,2025-12-31,Essendant,Layoff Permanent,146,4555 Redlands Ave  Perris CA 92571,42 Wholesale Trade,california,2025-09-18T00:56:57.997578,33.8571564,-117.2167899
San Diego County,2025-09-04,2025-09-04,2025-11-04,"The Brigantine, Inc.",Closure Permanent,64,10514 Craftsman Way  San Diego CA 92127,72 Accommodation and Food Services,california,2025-09-18T00:56:57.997578,33.0207094,-117.1121303
San Joaquin County,2025-08-28,2025-09-04,2025-08-28,Adventist Health Lodi Memorial,Layoff Permanent,17,975 S Fairmont Ave  Lodi CA 95240,62 Healthcare and Social Assistance,california,2025-09-18T00:56:57.997578,38.121319,-121.2869666
Los Angeles County,2025-09-04,2025-09-05,2025-09-05,"NeueHouse, Inc. (6121)",Closure Permanent,108,6121 Sunset Boulevard  Los Angeles CA 90028,81 Other Services Except Public Administration,california,2025-09-18T00:56:57.997578,34.0983342,-118.323437
Los Angeles County,2025-09-04,2025-09-05,2025-09-05,"NeueHouse, Inc. (73)",Closure Permanent,29,73 Market Street  Venice Beach CA 90291,81 Other Services Except Public Administration,california,2025-09-18T00:56:57.997578,,
Los Angeles County,2025-09-04,2025-09-05,2025-09-05,"NeueHouse, Inc. (304)",Closure Permanent,2,304 S. Broadway  Los Angeles CA 90013,81 Other Services Except Public Administration,california,2025-09-18T00:56:57.997578,34.0507641,-118.2480773
Los Angeles County,2025-09-05,2025-09-05,2025-11-07,Raytheon,Layoff Permanent,4,2000 E El Segundo Blvd.  El Segundo CA 90245,54 Professional Scientific and Technical Services,california,2025-09-18T00:56:57.997578,33.9139692,-118.3883211
Alameda County,2025-09-04,2025-09-08,2025-12-12,Walmart,Closure Permanent,87,3112 Santa Rita Rd.  Pleasanton CA 94566,44-45 Retail Trade,california,2025-09-18T00:56:57.997578,37.6900098,-121.8769311
Riverside County,2025-09-04,2025-09-08,2025-12-12,Walmart,Closure Permanent,106,"859 W Florida Ave,  Hemet CA 92543",44-45 Retail Trade,california,2025-09-18T00:56:57.997578,33.745448,-116.979639
Kern County,2025-09-09,2025-09-09,2025-11-08,"Revol Greens CA, LLC",Closure Permanent,42,20570 Pellisier Road  Tehachapi CA 93561,11 Agriculture Forestry Fishing Hunting,california,2025-09-18T00:56:57.997578,,
Riverside County,2025-09-09,2025-09-09,2025-11-17,Family YMCA of the Desert,Layoff Temporary,110,73751 Magnesia Falls Dr  Palm Desert CA 92260,62 Healthcare and Social Assistance,california,2025-09-18T00:56:57.997578,33.7360335,-116.3897625
San Diego County,2025-09-01,2025-09-09,2025-10-31,Epic Lightning Fast Service LLC,Closure Permanent,116,5670 Kearny Mesa Rd.  San Diego CA 92111,48-49 Transportation and Warehousing,california,2025-09-18T00:56:57.997578,32.8375051,-117.1373415
Alameda County,2025-09-08,2025-09-10,2025-09-08,Kaiser Foundation Hospitals-Pleasanton,Layoff Permanent,14,"4460 Hacienda Dr., Bldg. A  Pleasanton CA 94588",62 Healthcare and Social Assistance,california,2025-09-18T00:56:57.997578,37.69686819920284,-121.89144063962476
Contra Costa County,2025-09-08,2025-09-10,2025-09-08,Kaiser Foundation Hospitals-Antioch,Layoff Permanent,1,4501 Sand Creek  Antioch CA 94531,62 Healthcare and Social Assistance,california,2025-09-18T00:56:57.997578,37.9509554,-121.7748574
Contra Costa County,2025-09-08,2025-09-10,2025-09-08,Kaiser Foundation Hospitals - Walnut Creek,Layoff Permanent,1,25 N. Via Monte  Walnut Creek CA 94598,62 Healthcare and Social Assistance,california,2025-09-18T00:56:57.997578,37.927715199999994,-122.02083001104863
Los Angeles County,2025-09-08,2025-09-10,2025-09-08,Kaiser Foundation Hospitals - 99 S. Pasadena,Layoff Permanent,1,99 S. Oakland Avenue  Pasadena CA 91101,62 Healthcare and Social Assistance,california,2025-09-18T00:56:57.997578,34.14388503837992,-118.13983336219137
Los Angeles County,2025-09-08,2025-09-10,2025-09-08,Kaiser Foundation Hospitals - 74 N. Pasadena,Layoff Permanent,2,74 N. Pasadena Ave.  Pasadena CA 91103,62 Healthcare and Social Assistance,california,2025-09-18T00:56:57.997578,34.14703494736842,-118.15405047368421
Kern County,2025-09-03,2025-09-10,2025-11-03,Woodward West,Closure Permanent,24,28400 Stallion Springs Dr.  Tehachapi CA 93561,61 Educational Services,california,2025-09-18T00:56:57.997578,,
Los Angeles County,2025-09-11,2025-09-12,2025-10-03,University of Southern California,Layoff Permanent,137,3551 Trousdale Pkwy Suite 160  Los Angeles CA 90089,61 Educational Services,california,2025-09-18T00:56:57.997578,34.0208709,-118.2855497
Alameda County,2025-09-03,2025-09-12,2025-11-04,21st Amendment Brewery Cafe,Closure Permanent,58,2010 Williams Street  San Leandro CA 94577,72 Accommodation and Food Services,california,2025-09-18T00:56:57.997578,37.7119855,-122.1778337
San Francisco County,2025-09-03,2025-09-12,2025-11-04,21st Amendment Brewery Cafe,Closure Permanent,18,563 2nd Street  San Francisco CA 94107,72 Accommodation and Food Services,california,2025-09-18T00:56:57.997578,37.782448,-122.3925769
Los Angeles County,2025-09-14,2025-09-15,2025-10-03,University of Southern California (Health Sciences Campus),Layoff Permanent,151,1985 Zonal St.  Los Angeles CA 90089,61 Educational Services,california,2025-09-18T00:56:57.997578,,
Los Angeles County,2025-09-14,2025-09-15,2025-10-03,University of Southern California (HC2),Layoff Permanent,1,1520 San Pablo St.  Los Angeles CA 90033,61 Educational Services,california,2025-09-18T00:56:57.997578,34.0625659,-118.2029463
Los Angeles County,2025-09-14,2025-09-15,2025-10-03,University of Southern California (Keck),Layoff Permanent,4,1500 San Pablo Street  Los Angeles CA 90033,61 Educational Services,california,2025-09-18T00:56:57.997578,34.0627257,-118.2018882
Los Angeles County,2025-09-14,2025-09-15,2025-10-03,University of Southern California (Norris),Layoff Permanent,1,1441 Eastlake Ave  Los Angeles CA 90033,61 Educational Services,california,2025-09-18T00:56:57.997578,34.0614286,-118.2054045
Los Angeles County,2025-09-14,2025-09-15,2025-10-03,University of Southern California (Soto II),Layoff Permanent,1,2011 N. Soto.  Los Angeles CA 90032,61 Educational Services,california,2025-09-18T00:56:57.997578,34.066168,-118.1963286
